<?xml version="1.0" encoding="UTF-8"?>
<project-private xmlns="http://www.netbeans.org/ns/project-private/1">
    <editor-bookmarks xmlns="http://www.netbeans.org/ns/editor-bookmarks/2" lastBookmarkId="0"/>
    <open-files xmlns="http://www.netbeans.org/ns/projectui-open-files/2">
        <group>
            <file>file:/C:/Users/Hannah/Documents/NetBeansProjects/bartender/controllers/WelcomeController.php</file>
            <file>file:/C:/Users/Hannah/Documents/NetBeansProjects/bartender/views/items.php</file>
            <file>file:/C:/Users/Hannah/Documents/NetBeansProjects/bartender/views/orders.php</file>
            <file>file:/C:/Users/Hannah/Documents/NetBeansProjects/bartender/views/welcome.php</file>
            <file>file:/C:/Users/Hannah/Documents/NetBeansProjects/bartender/controllers/CatalogController.php</file>
            <file>file:/C:/Users/Hannah/Documents/NetBeansProjects/bartender/controllers/OrderController.php</file>
            <file>file:/C:/Users/Hannah/Documents/NetBeansProjects/bartender/config.php</file>
            <file>file:/C:/Users/Hannah/Documents/NetBeansProjects/bartender/index.php</file>
        </group>
    </open-files>
</project-private>
